{
    "FID_style02style1": 234.74143545087804,
    "FID_style02style2": 239.75917610214657,
    "FID_style02style3": 204.94411428463872,
    "FID_mean": 226.4815752792211
}