{
    "TCL_style02style1": 0.20826435089111328,
    "TCL_style02style2": 0.16660532355308533,
    "TCL_style02style3": 0.09244700521230698,
    "TCL_mean": 0.15577222655216855
}