{
    "DT_alley_2_s1": 22.818517684936523,
    "DT_alley_2_s2": 4.864468574523926,
    "DT_alley_2_s3": 4.544277191162109,
    "DT_market_6_s1": 4.403626918792725,
    "DT_market_6_s2": 4.5275866985321045,
    "DT_market_6_s3": 4.501950740814209,
    "DT_temple_2_s1": 4.283638000488281,
    "DT_temple_2_s2": 4.339179992675781,
    "DT_temple_2_s3": 4.123806953430176,
    "DT_mean": 6.48967252837287,
    "DT_mean_s1": 10.501927534739176,
    "DT_mean_s2": 4.5770784219106035,
    "DT_mean_s3": 4.390011628468831
}