{
    "TCL-ST_alley_2_s1": 0.08594442158937454,
    "TCL-ST_alley_2_s2": 0.03602638468146324,
    "TCL-ST_alley_2_s3": 0.030180931091308594,
    "TCL-ST_market_6_s1": 0.11062469333410263,
    "TCL-ST_market_6_s2": 0.060133934020996094,
    "TCL-ST_market_6_s3": 0.052502792328596115,
    "TCL-ST_temple_2_s1": 0.07411984354257584,
    "TCL-ST_temple_2_s2": 0.032892581075429916,
    "TCL-ST_temple_2_s3": 0.029869088903069496,
    "TCL-ST_mean": 0.05692163006299072,
    "TCL-ST_mean_s1": 0.09022965282201767,
    "TCL-ST_mean_s2": 0.04301763325929642,
    "TCL-ST_mean_s3": 0.037517604107658066
}