{
    "TCL-LT_alley_2_s1": 0.12361971288919449,
    "TCL-LT_alley_2_s2": 0.06483770161867142,
    "TCL-LT_alley_2_s3": 0.054697103798389435,
    "TCL-LT_market_6_s1": 0.1626112014055252,
    "TCL-LT_market_6_s2": 0.11439453065395355,
    "TCL-LT_market_6_s3": 0.09266550838947296,
    "TCL-LT_temple_2_s1": 0.10054801404476166,
    "TCL-LT_temple_2_s2": 0.05744704231619835,
    "TCL-LT_temple_2_s3": 0.05063380300998688,
    "TCL-LT_mean": 0.09127273534735043,
    "TCL-LT_mean_s1": 0.12892630944649378,
    "TCL-LT_mean_s2": 0.07889309152960777,
    "TCL-LT_mean_s3": 0.06599880506594975
}