{
    "FID_style02style1": 276.8107326667374,
    "FID_style02style2": 238.78012253921887,
    "FID_style02style3": 200.1679869816258,
    "FID_mean": 238.58628072919402
}