{
    "TCL_style02style1": 0.10211525857448578,
    "TCL_style02style2": 0.06564321368932724,
    "TCL_style02style3": 0.07333260774612427,
    "TCL_mean": 0.08036369333664577
}