{
    "DT_alley_2_s1": 20.705275535583496,
    "DT_alley_2_s2": 4.144783020019531,
    "DT_alley_2_s3": 4.0038251876831055,
    "DT_market_6_s1": 4.107999801635742,
    "DT_market_6_s2": 3.9912760257720947,
    "DT_market_6_s3": 3.928530216217041,
    "DT_temple_2_s1": 3.903932571411133,
    "DT_temple_2_s2": 4.023618698120117,
    "DT_temple_2_s3": 4.003705978393555,
    "DT_mean": 5.868105226092869,
    "DT_mean_s1": 9.572402636210123,
    "DT_mean_s2": 4.053225914637248,
    "DT_mean_s3": 3.9786871274312334
}