{
    "TCL-ST_alley_2_s1": 0.057094015181064606,
    "TCL-ST_alley_2_s2": 0.0207953043282032,
    "TCL-ST_alley_2_s3": 0.017869362607598305,
    "TCL-ST_market_6_s1": 0.07652188092470169,
    "TCL-ST_market_6_s2": 0.03783831745386124,
    "TCL-ST_market_6_s3": 0.031119588762521744,
    "TCL-ST_temple_2_s1": 0.046907633543014526,
    "TCL-ST_temple_2_s2": 0.02217130735516548,
    "TCL-ST_temple_2_s3": 0.017036831006407738,
    "TCL-ST_mean": 0.03637269346250428,
    "TCL-ST_mean_s1": 0.06017450988292694,
    "TCL-ST_mean_s2": 0.02693497637907664,
    "TCL-ST_mean_s3": 0.02200859412550926
}