{
    "TCL-LT_alley_2_s1": 0.08764990419149399,
    "TCL-LT_alley_2_s2": 0.04409487545490265,
    "TCL-LT_alley_2_s3": 0.03355686366558075,
    "TCL-LT_market_6_s1": 0.14138983190059662,
    "TCL-LT_market_6_s2": 0.08484968543052673,
    "TCL-LT_market_6_s3": 0.05712410435080528,
    "TCL-LT_temple_2_s1": 0.07273461669683456,
    "TCL-LT_temple_2_s2": 0.04312310367822647,
    "TCL-LT_temple_2_s3": 0.029950447380542755,
    "TCL-LT_mean": 0.06605260363883442,
    "TCL-LT_mean_s1": 0.10059145092964172,
    "TCL-LT_mean_s2": 0.057355888187885284,
    "TCL-LT_mean_s3": 0.04021047179897626
}