{
    "DT_alley_1_s1": 3257.3293447494507,
    "DT_alley_1_s2": 3259.7607040405273,
    "DT_alley_1_s3": 3258.873453140259,
    "DT_alley_2_s1": 3282.901954650879,
    "DT_alley_2_s2": 3258.9128160476685,
    "DT_alley_2_s3": 3261.4803552627563,
    "DT_ambush_2_s1": 3297.5657326834544,
    "DT_ambush_2_s2": 3259.3228022257485,
    "DT_ambush_2_s3": 3254.3044544401623,
    "DT_ambush_4_s1": 3289.6623250209923,
    "DT_ambush_4_s2": 3254.4603203282213,
    "DT_ambush_4_s3": 3256.149385914658,
    "DT_ambush_5_s1": 3273.3635473251343,
    "DT_ambush_5_s2": 3269.1974544525146,
    "DT_ambush_5_s3": 3255.155243873596,
    "DT_ambush_6_s1": 3308.4518909454346,
    "DT_ambush_6_s2": 3255.3510189056396,
    "DT_ambush_6_s3": 3313.174831867218,
    "DT_ambush_7_s1": 9264.66646194458,
    "DT_ambush_7_s2": 8876.482696533203,
    "DT_ambush_7_s3": 6192.432971000671,
    "DT_bamboo_1_s1": 3277.624020576477,
    "DT_bamboo_1_s2": 3258.2208681106567,
    "DT_bamboo_1_s3": 3264.9240255355835,
    "DT_bamboo_2_s1": 3293.4530544281006,
    "DT_bamboo_2_s2": 3258.511633872986,
    "DT_bamboo_2_s3": 3279.828429222107,
    "DT_bandage_1_s1": 3295.0572681427,
    "DT_bandage_1_s2": 3271.507143974304,
    "DT_bandage_1_s3": 3278.413519859314,
    "DT_bandage_2_s1": 3300.256986618042,
    "DT_bandage_2_s2": 3276.1610078811646,
    "DT_bandage_2_s3": 3278.1566047668457,
    "DT_cave_2_s1": 3324.618000984192,
    "DT_cave_2_s2": 3288.867211341858,
    "DT_cave_2_s3": 3286.8779611587524,
    "DT_cave_4_s1": 3302.501449584961,
    "DT_cave_4_s2": 3286.1829471588135,
    "DT_cave_4_s3": 3283.4888410568237,
    "DT_market_2_s1": 3321.430082321167,
    "DT_market_2_s2": 3283.9234733581543,
    "DT_market_2_s3": 3283.4162282943726,
    "DT_market_5_s1": 3312.0023584365845,
    "DT_market_5_s2": 3285.354838371277,
    "DT_market_5_s3": 3291.6217374801636,
    "DT_market_6_s1": 3314.2519772052765,
    "DT_market_6_s2": 3283.6361408233643,
    "DT_market_6_s3": 3287.1537029743195,
    "DT_mountain_1_s1": 3307.853260040283,
    "DT_mountain_1_s2": 3282.131185531616,
    "DT_mountain_1_s3": 3285.514178276062,
    "DT_shaman_2_s1": 3311.00781917572,
    "DT_shaman_2_s2": 3282.063727378845,
    "DT_shaman_2_s3": 3287.9322957992554,
    "DT_shaman_3_s1": 3315.9092473983765,
    "DT_shaman_3_s2": 3273.8940477371216,
    "DT_shaman_3_s3": 3273.231701850891,
    "DT_sleeping_1_s1": 3309.4251823425293,
    "DT_sleeping_1_s2": 3269.777503013611,
    "DT_sleeping_1_s3": 3275.54087638855,
    "DT_sleeping_2_s1": 3294.175024032593,
    "DT_sleeping_2_s2": 3274.4273805618286,
    "DT_sleeping_2_s3": 3279.5474672317505,
    "DT_temple_2_s1": 3308.7375354766846,
    "DT_temple_2_s2": 3276.103310585022,
    "DT_temple_2_s3": 3276.5726232528687,
    "DT_temple_3_s1": 3287.668685913086,
    "DT_temple_3_s2": 3266.187529563904,
    "DT_temple_3_s3": 3272.660446166992,
    "DT_PERTURBED_market_3_s1": 3292.205982208252,
    "DT_PERTURBED_market_3_s2": 3272.941918373108,
    "DT_PERTURBED_market_3_s3": 3276.433186531067,
    "DT_PERTURBED_shaman_1_s1": 3320.6969690322876,
    "DT_PERTURBED_shaman_1_s2": 3280.039324760437,
    "DT_PERTURBED_shaman_1_s3": 3279.053177833557,
    "DT_ambush_1_s1": 3301.7374225284743,
    "DT_ambush_1_s2": 3267.3022850700045,
    "DT_ambush_1_s3": 3272.129939950031,
    "DT_ambush_3_s1": 3285.6728565402145,
    "DT_ambush_3_s2": 3269.3158824269362,
    "DT_ambush_3_s3": 3270.171060794737,
    "DT_bamboo_3_s1": 3289.4129514694214,
    "DT_bamboo_3_s2": 3270.3207206726074,
    "DT_bamboo_3_s3": 3272.801809310913,
    "DT_cave_3_s1": 3296.8948888778687,
    "DT_cave_3_s2": 3295.6386518478394,
    "DT_cave_3_s3": 3281.305832862854,
    "DT_market_1_s1": 3307.5852584838867,
    "DT_market_1_s2": 3311.4880752563477,
    "DT_market_1_s3": 3272.264928817749,
    "DT_market_4_s1": 3285.350751876831,
    "DT_market_4_s2": 3262.9489278793335,
    "DT_market_4_s3": 3270.619707107544,
    "DT_mountain_2_s1": 3296.073203086853,
    "DT_mountain_2_s2": 3263.088173866272,
    "DT_mountain_2_s3": 3265.5345392227173,
    "DT_temple_1_s1": 3297.660083770752,
    "DT_temple_1_s2": 3263.674373626709,
    "DT_temple_1_s3": 3265.444016456604,
    "DT_tiger_s1": 3297.04936504364,
    "DT_tiger_s2": 3263.152813911438,
    "DT_tiger_s3": 3265.8929109573364,
    "DT_wall_s1": 3292.8426027297974,
    "DT_wall_s2": 3271.5951204299927,
    "DT_wall_s3": 3263.1939792633057,
    "DT_mean": 3419.8698666617747,
    "DT_mean_s1": 3468.945587018428,
    "DT_mean_s2": 3432.6269722834018,
    "DT_mean_s3": 3358.0370406834973
}