{
    "TCL-LT_alley_1_s1": 34.10688018798828,
    "TCL-LT_alley_1_s2": 19.4849853515625,
    "TCL-LT_alley_1_s3": 19.631046295166016,
    "TCL-LT_alley_2_s1": 36.53457260131836,
    "TCL-LT_alley_2_s2": 23.11493682861328,
    "TCL-LT_alley_2_s3": 20.541942596435547,
    "TCL-LT_ambush_2_s1": 69.55351257324219,
    "TCL-LT_ambush_2_s2": 54.282352447509766,
    "TCL-LT_ambush_2_s3": 45.938621520996094,
    "TCL-LT_ambush_4_s1": 56.28504180908203,
    "TCL-LT_ambush_4_s2": 41.07068634033203,
    "TCL-LT_ambush_4_s3": 36.091739654541016,
    "TCL-LT_ambush_5_s1": 53.28455352783203,
    "TCL-LT_ambush_5_s2": 37.510250091552734,
    "TCL-LT_ambush_5_s3": 33.88539123535156,
    "TCL-LT_ambush_6_s1": 64.88117218017578,
    "TCL-LT_ambush_6_s2": 51.18475341796875,
    "TCL-LT_ambush_6_s3": 42.799739837646484,
    "TCL-LT_ambush_7_s1": 38.344234466552734,
    "TCL-LT_ambush_7_s2": 24.41015625,
    "TCL-LT_ambush_7_s3": 21.790605545043945,
    "TCL-LT_bamboo_1_s1": 35.73689270019531,
    "TCL-LT_bamboo_1_s2": 20.434528350830078,
    "TCL-LT_bamboo_1_s3": 20.528789520263672,
    "TCL-LT_bamboo_2_s1": 37.894500732421875,
    "TCL-LT_bamboo_2_s2": 23.002391815185547,
    "TCL-LT_bamboo_2_s3": 22.286426544189453,
    "TCL-LT_bandage_1_s1": 35.30510711669922,
    "TCL-LT_bandage_1_s2": 20.51213836669922,
    "TCL-LT_bandage_1_s3": 21.334362030029297,
    "TCL-LT_bandage_2_s1": 32.94245147705078,
    "TCL-LT_bandage_2_s2": 18.49634552001953,
    "TCL-LT_bandage_2_s3": 20.133068084716797,
    "TCL-LT_cave_2_s1": 58.3679313659668,
    "TCL-LT_cave_2_s2": 42.93596649169922,
    "TCL-LT_cave_2_s3": 40.35275650024414,
    "TCL-LT_cave_4_s1": 47.862152099609375,
    "TCL-LT_cave_4_s2": 32.69784164428711,
    "TCL-LT_cave_4_s3": 32.273292541503906,
    "TCL-LT_market_2_s1": 33.888179779052734,
    "TCL-LT_market_2_s2": 18.678922653198242,
    "TCL-LT_market_2_s3": 20.60055160522461,
    "TCL-LT_market_5_s1": 56.18206024169922,
    "TCL-LT_market_5_s2": 42.22323226928711,
    "TCL-LT_market_5_s3": 38.42493438720703,
    "TCL-LT_market_6_s1": 47.479217529296875,
    "TCL-LT_market_6_s2": 32.70052719116211,
    "TCL-LT_market_6_s3": 29.935209274291992,
    "TCL-LT_mountain_1_s1": 36.631629943847656,
    "TCL-LT_mountain_1_s2": 23.801088333129883,
    "TCL-LT_mountain_1_s3": 18.514131546020508,
    "TCL-LT_shaman_2_s1": 33.25752639770508,
    "TCL-LT_shaman_2_s2": 18.0111083984375,
    "TCL-LT_shaman_2_s3": 20.03304100036621,
    "TCL-LT_shaman_3_s1": 39.14533233642578,
    "TCL-LT_shaman_3_s2": 24.04020118713379,
    "TCL-LT_shaman_3_s3": 23.563915252685547,
    "TCL-LT_sleeping_1_s1": 35.207984924316406,
    "TCL-LT_sleeping_1_s2": 20.497201919555664,
    "TCL-LT_sleeping_1_s3": 18.05202293395996,
    "TCL-LT_sleeping_2_s1": 33.691917419433594,
    "TCL-LT_sleeping_2_s2": 17.813472747802734,
    "TCL-LT_sleeping_2_s3": 17.35938262939453,
    "TCL-LT_temple_2_s1": 44.507537841796875,
    "TCL-LT_temple_2_s2": 27.713945388793945,
    "TCL-LT_temple_2_s3": 28.106096267700195,
    "TCL-LT_temple_3_s1": 55.75119400024414,
    "TCL-LT_temple_3_s2": 42.68326187133789,
    "TCL-LT_temple_3_s3": 35.757713317871094,
    "TCL-LT_PERTURBED_market_3_s1": 44.637229919433594,
    "TCL-LT_PERTURBED_market_3_s2": 28.482397079467773,
    "TCL-LT_PERTURBED_market_3_s3": 27.634540557861328,
    "TCL-LT_PERTURBED_shaman_1_s1": 42.26554870605469,
    "TCL-LT_PERTURBED_shaman_1_s2": 24.263280868530273,
    "TCL-LT_PERTURBED_shaman_1_s3": 24.915374755859375,
    "TCL-LT_ambush_1_s1": 70.86177825927734,
    "TCL-LT_ambush_1_s2": 55.81147384643555,
    "TCL-LT_ambush_1_s3": 46.67416763305664,
    "TCL-LT_ambush_3_s1": 47.72941970825195,
    "TCL-LT_ambush_3_s2": 36.28533172607422,
    "TCL-LT_ambush_3_s3": 30.74860382080078,
    "TCL-LT_bamboo_3_s1": 40.93086624145508,
    "TCL-LT_bamboo_3_s2": 25.634462356567383,
    "TCL-LT_bamboo_3_s3": 26.234149932861328,
    "TCL-LT_cave_3_s1": 57.37872314453125,
    "TCL-LT_cave_3_s2": 41.525413513183594,
    "TCL-LT_cave_3_s3": 37.9990119934082,
    "TCL-LT_market_1_s1": 46.32033920288086,
    "TCL-LT_market_1_s2": 30.404726028442383,
    "TCL-LT_market_1_s3": 30.381643295288086,
    "TCL-LT_market_4_s1": 65.17261505126953,
    "TCL-LT_market_4_s2": 47.22580337524414,
    "TCL-LT_market_4_s3": 42.7650032043457,
    "TCL-LT_mountain_2_s1": 34.118839263916016,
    "TCL-LT_mountain_2_s2": 21.287620544433594,
    "TCL-LT_mountain_2_s3": 16.787485122680664,
    "TCL-LT_temple_1_s1": 38.18882751464844,
    "TCL-LT_temple_1_s2": 23.775035858154297,
    "TCL-LT_temple_1_s3": 21.43883514404297,
    "TCL-LT_tiger_s1": 40.850582122802734,
    "TCL-LT_tiger_s2": 24.217390060424805,
    "TCL-LT_tiger_s3": 25.70590591430664,
    "TCL-LT_wall_s1": 44.38249969482422,
    "TCL-LT_wall_s2": 29.318527221679688,
    "TCL-LT_wall_s3": 27.939014434814453,
    "TCL-LT_mean": 34.6892297653925,
    "TCL-LT_mean_s1": 45.419395773751404,
    "TCL-LT_mean_s2": 30.44376449584961,
    "TCL-LT_mean_s3": 28.204529026576452
}