{
    "TCL-ST_alley_1_s1": 20.919986724853516,
    "TCL-ST_alley_1_s2": 7.872516632080078,
    "TCL-ST_alley_1_s3": 7.900904655456543,
    "TCL-ST_alley_2_s1": 23.105281829833984,
    "TCL-ST_alley_2_s2": 10.3248291015625,
    "TCL-ST_alley_2_s3": 8.72436237335205,
    "TCL-ST_ambush_2_s1": 27.784053802490234,
    "TCL-ST_ambush_2_s2": 16.39120864868164,
    "TCL-ST_ambush_2_s3": 13.553260803222656,
    "TCL-ST_ambush_4_s1": 26.771053314208984,
    "TCL-ST_ambush_4_s2": 14.979607582092285,
    "TCL-ST_ambush_4_s3": 12.437052726745605,
    "TCL-ST_ambush_5_s1": 24.479310989379883,
    "TCL-ST_ambush_5_s2": 12.609721183776855,
    "TCL-ST_ambush_5_s3": 11.077013969421387,
    "TCL-ST_ambush_6_s1": 26.811464309692383,
    "TCL-ST_ambush_6_s2": 15.665879249572754,
    "TCL-ST_ambush_6_s3": 13.032061576843262,
    "TCL-ST_ambush_7_s1": 20.577049255371094,
    "TCL-ST_ambush_7_s2": 8.568896293640137,
    "TCL-ST_ambush_7_s3": 7.173254489898682,
    "TCL-ST_bamboo_1_s1": 22.191612243652344,
    "TCL-ST_bamboo_1_s2": 8.583749771118164,
    "TCL-ST_bamboo_1_s3": 8.679327964782715,
    "TCL-ST_bamboo_2_s1": 21.836423873901367,
    "TCL-ST_bamboo_2_s2": 8.78018856048584,
    "TCL-ST_bamboo_2_s3": 8.683774948120117,
    "TCL-ST_bandage_1_s1": 21.201740264892578,
    "TCL-ST_bandage_1_s2": 8.783191680908203,
    "TCL-ST_bandage_1_s3": 8.724266052246094,
    "TCL-ST_bandage_2_s1": 20.61825180053711,
    "TCL-ST_bandage_2_s2": 7.850876331329346,
    "TCL-ST_bandage_2_s3": 8.558436393737793,
    "TCL-ST_cave_2_s1": 27.087221145629883,
    "TCL-ST_cave_2_s2": 15.556783676147461,
    "TCL-ST_cave_2_s3": 14.383596420288086,
    "TCL-ST_cave_4_s1": 24.95512580871582,
    "TCL-ST_cave_4_s2": 12.814818382263184,
    "TCL-ST_cave_4_s3": 12.351017951965332,
    "TCL-ST_market_2_s1": 19.919761657714844,
    "TCL-ST_market_2_s2": 7.375629425048828,
    "TCL-ST_market_2_s3": 7.805336952209473,
    "TCL-ST_market_5_s1": 27.75493812561035,
    "TCL-ST_market_5_s2": 15.797323226928711,
    "TCL-ST_market_5_s3": 13.91655158996582,
    "TCL-ST_market_6_s1": 24.745464324951172,
    "TCL-ST_market_6_s2": 12.476072311401367,
    "TCL-ST_market_6_s3": 11.39421272277832,
    "TCL-ST_mountain_1_s1": 22.296483993530273,
    "TCL-ST_mountain_1_s2": 9.59139347076416,
    "TCL-ST_mountain_1_s3": 6.883532524108887,
    "TCL-ST_shaman_2_s1": 21.016592025756836,
    "TCL-ST_shaman_2_s2": 8.018115043640137,
    "TCL-ST_shaman_2_s3": 7.987794876098633,
    "TCL-ST_shaman_3_s1": 21.862531661987305,
    "TCL-ST_shaman_3_s2": 8.68646240234375,
    "TCL-ST_shaman_3_s3": 8.192436218261719,
    "TCL-ST_sleeping_1_s1": 22.062612533569336,
    "TCL-ST_sleeping_1_s2": 9.154836654663086,
    "TCL-ST_sleeping_1_s3": 7.568068981170654,
    "TCL-ST_sleeping_2_s1": 22.87832260131836,
    "TCL-ST_sleeping_2_s2": 9.175721168518066,
    "TCL-ST_sleeping_2_s3": 8.094005584716797,
    "TCL-ST_temple_2_s1": 24.468889236450195,
    "TCL-ST_temple_2_s2": 10.961515426635742,
    "TCL-ST_temple_2_s3": 11.124186515808105,
    "TCL-ST_temple_3_s1": 26.196706771850586,
    "TCL-ST_temple_3_s2": 14.602240562438965,
    "TCL-ST_temple_3_s3": 12.842866897583008,
    "TCL-ST_PERTURBED_market_3_s1": 23.619491577148438,
    "TCL-ST_PERTURBED_market_3_s2": 10.897977828979492,
    "TCL-ST_PERTURBED_market_3_s3": 9.69357967376709,
    "TCL-ST_PERTURBED_shaman_1_s1": 23.48157501220703,
    "TCL-ST_PERTURBED_shaman_1_s2": 10.214339256286621,
    "TCL-ST_PERTURBED_shaman_1_s3": 9.394572257995605,
    "TCL-ST_ambush_1_s1": 28.97099494934082,
    "TCL-ST_ambush_1_s2": 18.55739402770996,
    "TCL-ST_ambush_1_s3": 14.48910140991211,
    "TCL-ST_ambush_3_s1": 25.272809982299805,
    "TCL-ST_ambush_3_s2": 13.645181655883789,
    "TCL-ST_ambush_3_s3": 11.097012519836426,
    "TCL-ST_bamboo_3_s1": 22.580345153808594,
    "TCL-ST_bamboo_3_s2": 10.072168350219727,
    "TCL-ST_bamboo_3_s3": 10.509111404418945,
    "TCL-ST_cave_3_s1": 26.53410530090332,
    "TCL-ST_cave_3_s2": 14.126639366149902,
    "TCL-ST_cave_3_s3": 13.65732479095459,
    "TCL-ST_market_1_s1": 24.532983779907227,
    "TCL-ST_market_1_s2": 11.809587478637695,
    "TCL-ST_market_1_s3": 11.204014778137207,
    "TCL-ST_market_4_s1": 26.257097244262695,
    "TCL-ST_market_4_s2": 14.152822494506836,
    "TCL-ST_market_4_s3": 12.455663681030273,
    "TCL-ST_mountain_2_s1": 21.11227035522461,
    "TCL-ST_mountain_2_s2": 8.748146057128906,
    "TCL-ST_mountain_2_s3": 6.110313415527344,
    "TCL-ST_temple_1_s1": 23.5670108795166,
    "TCL-ST_temple_1_s2": 10.698946952819824,
    "TCL-ST_temple_1_s3": 9.07198429107666,
    "TCL-ST_tiger_s1": 22.52762794494629,
    "TCL-ST_tiger_s2": 9.74235725402832,
    "TCL-ST_tiger_s3": 9.465245246887207,
    "TCL-ST_wall_s1": 24.224918365478516,
    "TCL-ST_wall_s2": 11.543814659118652,
    "TCL-ST_wall_s3": 10.836267471313477,
    "TCL-ST_mean": 15.163091191791352,
    "TCL-ST_mean_s1": 23.8349173954555,
    "TCL-ST_mean_s2": 11.395170061928887,
    "TCL-ST_mean_s3": 10.25918611798968
}