{
    "FID_style02style1": 163.27904727291377,
    "FID_style02style2": 200.86051973942102,
    "FID_style02style3": 158.788612707266,
    "FID_mean": 174.30939323986695
}