{
    "TCL_style02style1": 0.20986686646938324,
    "TCL_style02style2": 0.1657065451145172,
    "TCL_style02style3": 0.1374083161354065,
    "TCL_mean": 0.17099390923976898
}