{
    "DT_alley_1_s1": 3306.274027824402,
    "DT_alley_1_s2": 3301.263747215271,
    "DT_alley_1_s3": 3302.8106260299683,
    "DT_alley_2_s1": 3317.8856325149536,
    "DT_alley_2_s2": 3299.745740890503,
    "DT_alley_2_s3": 3301.5365314483643,
    "DT_ambush_2_s1": 3318.6797073909215,
    "DT_ambush_2_s2": 3298.8034657069616,
    "DT_ambush_2_s3": 3297.7947621118456,
    "DT_ambush_4_s1": 3310.464418295658,
    "DT_ambush_4_s2": 3296.89960046248,
    "DT_ambush_4_s3": 3300.336895566998,
    "DT_ambush_5_s1": 3317.475371360779,
    "DT_ambush_5_s2": 3299.1288661956787,
    "DT_ambush_5_s3": 3298.0393838882446,
    "DT_ambush_6_s1": 3329.7742128372192,
    "DT_ambush_6_s2": 3296.617341041565,
    "DT_ambush_6_s3": 3307.265603542328,
    "DT_ambush_7_s1": 3318.528537750244,
    "DT_ambush_7_s2": 3299.513087272644,
    "DT_ambush_7_s3": 3299.4647312164307,
    "DT_bamboo_1_s1": 3329.4102334976196,
    "DT_bamboo_1_s2": 3299.51114654541,
    "DT_bamboo_1_s3": 3301.7629623413086,
    "DT_bamboo_2_s1": 3317.292718887329,
    "DT_bamboo_2_s2": 3298.404026031494,
    "DT_bamboo_2_s3": 3308.962655067444,
    "DT_bandage_1_s1": 3342.5761318206787,
    "DT_bandage_1_s2": 3309.2960596084595,
    "DT_bandage_1_s3": 3311.34596824646,
    "DT_bandage_2_s1": 3350.9836864471436,
    "DT_bandage_2_s2": 3322.0956468582153,
    "DT_bandage_2_s3": 3318.824405670166,
    "DT_cave_2_s1": 3337.6472520828247,
    "DT_cave_2_s2": 3318.549680709839,
    "DT_cave_2_s3": 3325.255765914917,
    "DT_cave_4_s1": 3361.476559638977,
    "DT_cave_4_s2": 3335.3043460845947,
    "DT_cave_4_s3": 3334.7538471221924,
    "DT_market_2_s1": 3350.938000679016,
    "DT_market_2_s2": 3333.202338218689,
    "DT_market_2_s3": 3333.109517097473,
    "DT_market_5_s1": 3349.9010610580444,
    "DT_market_5_s2": 3331.3907623291016,
    "DT_market_5_s3": 3331.725788116455,
    "DT_market_6_s1": 3348.516881465912,
    "DT_market_6_s2": 3335.094338655472,
    "DT_market_6_s3": 3333.1629276275635,
    "DT_mountain_1_s1": 3367.8213500976562,
    "DT_mountain_1_s2": 3334.9665689468384,
    "DT_mountain_1_s3": 3329.642825126648,
    "DT_shaman_2_s1": 3353.2914113998413,
    "DT_shaman_2_s2": 3329.9291706085205,
    "DT_shaman_2_s3": 3330.838875770569,
    "DT_shaman_3_s1": 3364.384288787842,
    "DT_shaman_3_s2": 3329.6413946151733,
    "DT_shaman_3_s3": 3333.426694869995,
    "DT_sleeping_1_s1": 3350.768938064575,
    "DT_sleeping_1_s2": 3322.93550491333,
    "DT_sleeping_1_s3": 3323.9815616607666,
    "DT_sleeping_2_s1": 3351.340537071228,
    "DT_sleeping_2_s2": 3320.1059103012085,
    "DT_sleeping_2_s3": 3322.433018684387,
    "DT_temple_2_s1": 3347.3075771331787,
    "DT_temple_2_s2": 3322.8519916534424,
    "DT_temple_2_s3": 3327.0342540740967,
    "DT_temple_3_s1": 3345.8662366867065,
    "DT_temple_3_s2": 3323.760414123535,
    "DT_temple_3_s3": 3324.903292655945,
    "DT_PERTURBED_market_3_s1": 3331.581768989563,
    "DT_PERTURBED_market_3_s2": 3312.264804840088,
    "DT_PERTURBED_market_3_s3": 3321.904149055481,
    "DT_PERTURBED_shaman_1_s1": 3349.5752477645874,
    "DT_PERTURBED_shaman_1_s2": 3321.044750213623,
    "DT_PERTURBED_shaman_1_s3": 3326.484923362732,
    "DT_ambush_1_s1": 3356.8372000818667,
    "DT_ambush_1_s2": 3346.1188337077265,
    "DT_ambush_1_s3": 3326.6595964846406,
    "DT_ambush_3_s1": 3351.1003459372173,
    "DT_ambush_3_s2": 3326.9924884889183,
    "DT_ambush_3_s3": 3324.251930888106,
    "DT_bamboo_3_s1": 3334.5176696777344,
    "DT_bamboo_3_s2": 3316.876072883606,
    "DT_bamboo_3_s3": 3321.317262649536,
    "DT_cave_3_s1": 3342.3399448394775,
    "DT_cave_3_s2": 3319.242582321167,
    "DT_cave_3_s3": 3320.1470613479614,
    "DT_market_1_s1": 3339.428253173828,
    "DT_market_1_s2": 3342.006869316101,
    "DT_market_1_s3": 3330.4593086242676,
    "DT_market_4_s1": 3355.6660747528076,
    "DT_market_4_s2": 3354.4426822662354,
    "DT_market_4_s3": 3319.289526939392,
    "DT_mountain_2_s1": 3334.6925687789917,
    "DT_mountain_2_s2": 3309.7485542297363,
    "DT_mountain_2_s3": 3320.057020187378,
    "DT_temple_1_s1": 3328.036470413208,
    "DT_temple_1_s2": 3311.4284563064575,
    "DT_temple_1_s3": 3312.429151535034,
    "DT_tiger_s1": 3332.3938179016113,
    "DT_tiger_s2": 3314.1686820983887,
    "DT_tiger_s3": 3314.680485725403,
    "DT_wall_s1": 3327.4335861206055,
    "DT_wall_s2": 3313.5897064208984,
    "DT_wall_s3": 3314.4068002700806,
    "DT_mean": 3325.4251758497744,
    "DT_mean_s1": 3339.2059348921225,
    "DT_mean_s2": 3318.4838752023247,
    "DT_mean_s3": 3318.5857174548732
}