{
    "TCL-ST_alley_1_s1": 7.398528575897217,
    "TCL-ST_alley_1_s2": 3.424358367919922,
    "TCL-ST_alley_1_s3": 2.161130666732788,
    "TCL-ST_alley_2_s1": 8.157081604003906,
    "TCL-ST_alley_2_s2": 3.9416160583496094,
    "TCL-ST_alley_2_s3": 2.1515746116638184,
    "TCL-ST_ambush_2_s1": 11.288055419921875,
    "TCL-ST_ambush_2_s2": 6.896021842956543,
    "TCL-ST_ambush_2_s3": 3.9652099609375,
    "TCL-ST_ambush_4_s1": 10.209184646606445,
    "TCL-ST_ambush_4_s2": 6.280531883239746,
    "TCL-ST_ambush_4_s3": 3.4441487789154053,
    "TCL-ST_ambush_5_s1": 9.051156997680664,
    "TCL-ST_ambush_5_s2": 5.086631774902344,
    "TCL-ST_ambush_5_s3": 3.146707057952881,
    "TCL-ST_ambush_6_s1": 10.088410377502441,
    "TCL-ST_ambush_6_s2": 6.145707607269287,
    "TCL-ST_ambush_6_s3": 3.5333797931671143,
    "TCL-ST_ambush_7_s1": 7.163384914398193,
    "TCL-ST_ambush_7_s2": 3.501213312149048,
    "TCL-ST_ambush_7_s3": 1.8749877214431763,
    "TCL-ST_bamboo_1_s1": 7.78035831451416,
    "TCL-ST_bamboo_1_s2": 3.625933885574341,
    "TCL-ST_bamboo_1_s3": 2.418353796005249,
    "TCL-ST_bamboo_2_s1": 7.968959808349609,
    "TCL-ST_bamboo_2_s2": 3.8263537883758545,
    "TCL-ST_bamboo_2_s3": 2.3792672157287598,
    "TCL-ST_bandage_1_s1": 7.770668029785156,
    "TCL-ST_bandage_1_s2": 3.661269426345825,
    "TCL-ST_bandage_1_s3": 2.4251320362091064,
    "TCL-ST_bandage_2_s1": 7.418330192565918,
    "TCL-ST_bandage_2_s2": 3.4403483867645264,
    "TCL-ST_bandage_2_s3": 2.557767868041992,
    "TCL-ST_cave_2_s1": 10.873212814331055,
    "TCL-ST_cave_2_s2": 6.763343811035156,
    "TCL-ST_cave_2_s3": 4.414483547210693,
    "TCL-ST_cave_4_s1": 9.61111831665039,
    "TCL-ST_cave_4_s2": 5.281172275543213,
    "TCL-ST_cave_4_s3": 3.676815986633301,
    "TCL-ST_market_2_s1": 7.049127101898193,
    "TCL-ST_market_2_s2": 3.235710382461548,
    "TCL-ST_market_2_s3": 2.268564224243164,
    "TCL-ST_market_5_s1": 10.885472297668457,
    "TCL-ST_market_5_s2": 6.40164041519165,
    "TCL-ST_market_5_s3": 4.056440830230713,
    "TCL-ST_market_6_s1": 9.526123046875,
    "TCL-ST_market_6_s2": 5.129280090332031,
    "TCL-ST_market_6_s3": 3.188887596130371,
    "TCL-ST_mountain_1_s1": 8.078510284423828,
    "TCL-ST_mountain_1_s2": 4.185459136962891,
    "TCL-ST_mountain_1_s3": 1.7622994184494019,
    "TCL-ST_shaman_2_s1": 7.447249412536621,
    "TCL-ST_shaman_2_s2": 3.5057315826416016,
    "TCL-ST_shaman_2_s3": 2.5917086601257324,
    "TCL-ST_shaman_3_s1": 8.231430053710938,
    "TCL-ST_shaman_3_s2": 3.8326668739318848,
    "TCL-ST_shaman_3_s3": 2.499797821044922,
    "TCL-ST_sleeping_1_s1": 7.73350191116333,
    "TCL-ST_sleeping_1_s2": 3.4289145469665527,
    "TCL-ST_sleeping_1_s3": 2.150336265563965,
    "TCL-ST_sleeping_2_s1": 7.831680774688721,
    "TCL-ST_sleeping_2_s2": 3.516374349594116,
    "TCL-ST_sleeping_2_s3": 2.319316864013672,
    "TCL-ST_temple_2_s1": 9.131807327270508,
    "TCL-ST_temple_2_s2": 4.752861022949219,
    "TCL-ST_temple_2_s3": 3.4720611572265625,
    "TCL-ST_temple_3_s1": 9.893509864807129,
    "TCL-ST_temple_3_s2": 6.222784996032715,
    "TCL-ST_temple_3_s3": 3.6950438022613525,
    "TCL-ST_PERTURBED_market_3_s1": 8.557063102722168,
    "TCL-ST_PERTURBED_market_3_s2": 4.189844131469727,
    "TCL-ST_PERTURBED_market_3_s3": 2.6632449626922607,
    "TCL-ST_PERTURBED_shaman_1_s1": 8.715936660766602,
    "TCL-ST_PERTURBED_shaman_1_s2": 4.034204483032227,
    "TCL-ST_PERTURBED_shaman_1_s3": 2.820260524749756,
    "TCL-ST_ambush_1_s1": 12.516068458557129,
    "TCL-ST_ambush_1_s2": 8.876330375671387,
    "TCL-ST_ambush_1_s3": 4.693103313446045,
    "TCL-ST_ambush_3_s1": 9.504862785339355,
    "TCL-ST_ambush_3_s2": 5.540313243865967,
    "TCL-ST_ambush_3_s3": 3.0250742435455322,
    "TCL-ST_bamboo_3_s1": 8.05143928527832,
    "TCL-ST_bamboo_3_s2": 4.1810173988342285,
    "TCL-ST_bamboo_3_s3": 2.7887237071990967,
    "TCL-ST_cave_3_s1": 10.495759963989258,
    "TCL-ST_cave_3_s2": 6.036158561706543,
    "TCL-ST_cave_3_s3": 4.12497091293335,
    "TCL-ST_market_1_s1": 9.440213203430176,
    "TCL-ST_market_1_s2": 5.04478120803833,
    "TCL-ST_market_1_s3": 3.520902156829834,
    "TCL-ST_market_4_s1": 10.461272239685059,
    "TCL-ST_market_4_s2": 6.178958892822266,
    "TCL-ST_market_4_s3": 3.4400241374969482,
    "TCL-ST_mountain_2_s1": 7.6642560958862305,
    "TCL-ST_mountain_2_s2": 3.9337093830108643,
    "TCL-ST_mountain_2_s3": 1.6025872230529785,
    "TCL-ST_temple_1_s1": 8.082003593444824,
    "TCL-ST_temple_1_s2": 4.125534534454346,
    "TCL-ST_temple_1_s3": 2.5150701999664307,
    "TCL-ST_tiger_s1": 8.56259536743164,
    "TCL-ST_tiger_s2": 4.262457370758057,
    "TCL-ST_tiger_s3": 2.914752960205078,
    "TCL-ST_wall_s1": 9.091504096984863,
    "TCL-ST_wall_s2": 4.497722625732422,
    "TCL-ST_wall_s3": 3.039818048477173,
    "TCL-ST_mean": 5.543035647982643,
    "TCL-ST_mean_s1": 8.906566769736152,
    "TCL-ST_mean_s2": 4.771055943625314,
    "TCL-ST_mean_s3": 2.951484230586461
}