{
    "TCL-LT_alley_1_s1": 28.557554244995117,
    "TCL-LT_alley_1_s2": 15.415990829467773,
    "TCL-LT_alley_1_s3": 13.767767906188965,
    "TCL-LT_alley_2_s1": 28.41849136352539,
    "TCL-LT_alley_2_s2": 16.006439208984375,
    "TCL-LT_alley_2_s3": 14.832070350646973,
    "TCL-LT_ambush_2_s1": 67.32069396972656,
    "TCL-LT_ambush_2_s2": 54.092506408691406,
    "TCL-LT_ambush_2_s3": 45.43488311767578,
    "TCL-LT_ambush_4_s1": 53.6026496887207,
    "TCL-LT_ambush_4_s2": 40.10985565185547,
    "TCL-LT_ambush_4_s3": 35.41102600097656,
    "TCL-LT_ambush_5_s1": 51.244361877441406,
    "TCL-LT_ambush_5_s2": 37.81211853027344,
    "TCL-LT_ambush_5_s3": 34.24171447753906,
    "TCL-LT_ambush_6_s1": 65.53346252441406,
    "TCL-LT_ambush_6_s2": 53.5733757019043,
    "TCL-LT_ambush_6_s3": 45.65406799316406,
    "TCL-LT_ambush_7_s1": 35.000003814697266,
    "TCL-LT_ambush_7_s2": 22.252063751220703,
    "TCL-LT_ambush_7_s3": 20.3897762298584,
    "TCL-LT_bamboo_1_s1": 29.16053009033203,
    "TCL-LT_bamboo_1_s2": 16.97425079345703,
    "TCL-LT_bamboo_1_s3": 15.636615753173828,
    "TCL-LT_bamboo_2_s1": 31.84825325012207,
    "TCL-LT_bamboo_2_s2": 20.077777862548828,
    "TCL-LT_bamboo_2_s3": 16.88132667541504,
    "TCL-LT_bandage_1_s1": 31.281280517578125,
    "TCL-LT_bandage_1_s2": 16.6746768951416,
    "TCL-LT_bandage_1_s3": 17.61034393310547,
    "TCL-LT_bandage_2_s1": 26.516462326049805,
    "TCL-LT_bandage_2_s2": 14.414766311645508,
    "TCL-LT_bandage_2_s3": 15.673766136169434,
    "TCL-LT_cave_2_s1": 52.52494430541992,
    "TCL-LT_cave_2_s2": 38.487770080566406,
    "TCL-LT_cave_2_s3": 31.989532470703125,
    "TCL-LT_cave_4_s1": 44.13478088378906,
    "TCL-LT_cave_4_s2": 28.75376319885254,
    "TCL-LT_cave_4_s3": 28.018260955810547,
    "TCL-LT_market_2_s1": 29.355327606201172,
    "TCL-LT_market_2_s2": 17.642807006835938,
    "TCL-LT_market_2_s3": 17.219173431396484,
    "TCL-LT_market_5_s1": 50.87789535522461,
    "TCL-LT_market_5_s2": 36.37043762207031,
    "TCL-LT_market_5_s3": 32.53469467163086,
    "TCL-LT_market_6_s1": 41.904396057128906,
    "TCL-LT_market_6_s2": 28.119422912597656,
    "TCL-LT_market_6_s3": 23.90028953552246,
    "TCL-LT_mountain_1_s1": 29.75345230102539,
    "TCL-LT_mountain_1_s2": 16.940818786621094,
    "TCL-LT_mountain_1_s3": 14.99178695678711,
    "TCL-LT_shaman_2_s1": 27.68539810180664,
    "TCL-LT_shaman_2_s2": 14.986222267150879,
    "TCL-LT_shaman_2_s3": 15.027201652526855,
    "TCL-LT_shaman_3_s1": 32.419891357421875,
    "TCL-LT_shaman_3_s2": 18.12251091003418,
    "TCL-LT_shaman_3_s3": 17.520036697387695,
    "TCL-LT_sleeping_1_s1": 28.774139404296875,
    "TCL-LT_sleeping_1_s2": 14.452165603637695,
    "TCL-LT_sleeping_1_s3": 13.10383415222168,
    "TCL-LT_sleeping_2_s1": 24.605802536010742,
    "TCL-LT_sleeping_2_s2": 13.176899909973145,
    "TCL-LT_sleeping_2_s3": 11.229434967041016,
    "TCL-LT_temple_2_s1": 39.61552047729492,
    "TCL-LT_temple_2_s2": 24.29576301574707,
    "TCL-LT_temple_2_s3": 23.44989776611328,
    "TCL-LT_temple_3_s1": 53.539669036865234,
    "TCL-LT_temple_3_s2": 39.83553695678711,
    "TCL-LT_temple_3_s3": 33.26787567138672,
    "TCL-LT_PERTURBED_market_3_s1": 39.62360382080078,
    "TCL-LT_PERTURBED_market_3_s2": 24.516666412353516,
    "TCL-LT_PERTURBED_market_3_s3": 23.628276824951172,
    "TCL-LT_PERTURBED_shaman_1_s1": 36.2522087097168,
    "TCL-LT_PERTURBED_shaman_1_s2": 19.327808380126953,
    "TCL-LT_PERTURBED_shaman_1_s3": 18.919923782348633,
    "TCL-LT_ambush_1_s1": 67.8911361694336,
    "TCL-LT_ambush_1_s2": 51.61039733886719,
    "TCL-LT_ambush_1_s3": 44.87932205200195,
    "TCL-LT_ambush_3_s1": 43.63138961791992,
    "TCL-LT_ambush_3_s2": 32.690711975097656,
    "TCL-LT_ambush_3_s3": 27.07329559326172,
    "TCL-LT_bamboo_3_s1": 37.73268508911133,
    "TCL-LT_bamboo_3_s2": 21.37139320373535,
    "TCL-LT_bamboo_3_s3": 21.72353744506836,
    "TCL-LT_cave_3_s1": 54.17420959472656,
    "TCL-LT_cave_3_s2": 37.57265090942383,
    "TCL-LT_cave_3_s3": 35.037113189697266,
    "TCL-LT_market_1_s1": 40.310665130615234,
    "TCL-LT_market_1_s2": 25.587465286254883,
    "TCL-LT_market_1_s3": 24.353099822998047,
    "TCL-LT_market_4_s1": 65.41535186767578,
    "TCL-LT_market_4_s2": 50.05369567871094,
    "TCL-LT_market_4_s3": 44.57147979736328,
    "TCL-LT_mountain_2_s1": 28.654380798339844,
    "TCL-LT_mountain_2_s2": 15.04433822631836,
    "TCL-LT_mountain_2_s3": 13.966426849365234,
    "TCL-LT_temple_1_s1": 33.04043960571289,
    "TCL-LT_temple_1_s2": 18.743257522583008,
    "TCL-LT_temple_1_s3": 17.836315155029297,
    "TCL-LT_tiger_s1": 37.8559455871582,
    "TCL-LT_tiger_s2": 20.120166778564453,
    "TCL-LT_tiger_s3": 21.07202911376953,
    "TCL-LT_wall_s1": 40.30613708496094,
    "TCL-LT_wall_s2": 26.153594970703125,
    "TCL-LT_wall_s3": 21.865440368652344,
    "TCL-LT_mean": 30.691950843447724,
    "TCL-LT_mean_s1": 40.81608897617885,
    "TCL-LT_mean_s2": 26.896573911394388,
    "TCL-LT_mean_s3": 24.36318964276995
}