{
    "DT_alley_1_s1": 4.0444183349609375,
    "DT_alley_1_s2": 4.1428422927856445,
    "DT_alley_1_s3": 3.9616823196411133,
    "DT_alley_2_s1": 4.223947525024414,
    "DT_alley_2_s2": 4.084072113037109,
    "DT_alley_2_s3": 3.9034366607666016,
    "DT_ambush_2_s1": 4.092409497215634,
    "DT_ambush_2_s2": 4.003763198852539,
    "DT_ambush_2_s3": 4.041660399664016,
    "DT_ambush_4_s1": 4.09466570073908,
    "DT_ambush_4_s2": 4.277041464140921,
    "DT_ambush_4_s3": 3.7909204309636895,
    "DT_ambush_5_s1": 4.000229835510254,
    "DT_ambush_5_s2": 4.0010833740234375,
    "DT_ambush_5_s3": 3.899979591369629,
    "DT_ambush_6_s1": 4.253888130187988,
    "DT_ambush_6_s2": 3.9034008979797363,
    "DT_ambush_6_s3": 3.9536118507385254,
    "DT_ambush_7_s1": 4.0436506271362305,
    "DT_ambush_7_s2": 4.083676338195801,
    "DT_ambush_7_s3": 4.104275703430176,
    "DT_bamboo_1_s1": 4.0840959548950195,
    "DT_bamboo_1_s2": 4.441051483154297,
    "DT_bamboo_1_s3": 4.144034385681152,
    "DT_bamboo_2_s1": 4.083919525146484,
    "DT_bamboo_2_s2": 4.20412540435791,
    "DT_bamboo_2_s3": 4.103875160217285,
    "DT_bandage_1_s1": 4.103126525878906,
    "DT_bandage_1_s2": 4.233875274658203,
    "DT_bandage_1_s3": 4.180564880371094,
    "DT_bandage_2_s1": 4.039936065673828,
    "DT_bandage_2_s2": 4.020962715148926,
    "DT_bandage_2_s3": 4.063711166381836,
    "DT_cave_2_s1": 4.063668251037598,
    "DT_cave_2_s2": 4.112539291381836,
    "DT_cave_2_s3": 3.9937448501586914,
    "DT_cave_4_s1": 4.023895263671875,
    "DT_cave_4_s2": 3.959231376647949,
    "DT_cave_4_s3": 4.004974365234375,
    "DT_market_2_s1": 4.003596305847168,
    "DT_market_2_s2": 3.9933109283447266,
    "DT_market_2_s3": 4.10341739654541,
    "DT_market_5_s1": 4.059782028198242,
    "DT_market_5_s2": 4.163756370544434,
    "DT_market_5_s3": 4.082760810852051,
    "DT_market_6_s1": 4.3287694454193115,
    "DT_market_6_s2": 3.976929187774658,
    "DT_market_6_s3": 3.928673267364502,
    "DT_mountain_1_s1": 3.9261913299560547,
    "DT_mountain_1_s2": 4.088296890258789,
    "DT_mountain_1_s3": 4.060382843017578,
    "DT_shaman_2_s1": 4.163913726806641,
    "DT_shaman_2_s2": 4.143853187561035,
    "DT_shaman_2_s3": 4.167022705078125,
    "DT_shaman_3_s1": 4.003710746765137,
    "DT_shaman_3_s2": 4.024848937988281,
    "DT_shaman_3_s3": 3.9433670043945312,
    "DT_sleeping_1_s1": 4.023728370666504,
    "DT_sleeping_1_s2": 4.181184768676758,
    "DT_sleeping_1_s3": 4.073901176452637,
    "DT_sleeping_2_s1": 4.064908027648926,
    "DT_sleeping_2_s2": 4.103422164916992,
    "DT_sleeping_2_s3": 4.119882583618164,
    "DT_temple_2_s1": 4.164638519287109,
    "DT_temple_2_s2": 3.983445167541504,
    "DT_temple_2_s3": 4.062314033508301,
    "DT_temple_3_s1": 4.030008316040039,
    "DT_temple_3_s2": 4.184274673461914,
    "DT_temple_3_s3": 4.003643989562988,
    "DT_PERTURBED_market_3_s1": 4.060935974121094,
    "DT_PERTURBED_market_3_s2": 3.9844703674316406,
    "DT_PERTURBED_market_3_s3": 3.903660774230957,
    "DT_PERTURBED_shaman_1_s1": 3.9830541610717773,
    "DT_PERTURBED_shaman_1_s2": 4.30417537689209,
    "DT_PERTURBED_shaman_1_s3": 4.062771797180176,
    "DT_ambush_1_s1": 4.177850225697393,
    "DT_ambush_1_s2": 4.047341968702233,
    "DT_ambush_1_s3": 3.960122232851775,
    "DT_ambush_3_s1": 3.9548350543510624,
    "DT_ambush_3_s2": 4.260068986474014,
    "DT_ambush_3_s3": 3.9431118383640196,
    "DT_bamboo_3_s1": 4.4443559646606445,
    "DT_bamboo_3_s2": 4.094061851501465,
    "DT_bamboo_3_s3": 3.9928388595581055,
    "DT_cave_3_s1": 4.009008407592773,
    "DT_cave_3_s2": 3.968229293823242,
    "DT_cave_3_s3": 3.984665870666504,
    "DT_market_1_s1": 4.003453254699707,
    "DT_market_1_s2": 4.164700508117676,
    "DT_market_1_s3": 4.1835737228393555,
    "DT_market_4_s1": 4.064664840698242,
    "DT_market_4_s2": 4.103860855102539,
    "DT_market_4_s3": 4.063420295715332,
    "DT_mountain_2_s1": 3.9440250396728516,
    "DT_mountain_2_s2": 3.9921998977661133,
    "DT_mountain_2_s3": 4.104032516479492,
    "DT_temple_1_s1": 4.266448020935059,
    "DT_temple_1_s2": 3.8239431381225586,
    "DT_temple_1_s3": 3.946247100830078,
    "DT_tiger_s1": 3.9732789993286133,
    "DT_tiger_s2": 4.0442609786987305,
    "DT_tiger_s3": 4.146819114685059,
    "DT_wall_s1": 4.063935279846191,
    "DT_wall_s2": 4.183483123779297,
    "DT_wall_s3": 4.039707183837891,
    "DT_mean": 4.068300342918903,
    "DT_mean_s1": 4.08191266503968,
    "DT_mean_s2": 4.093765252795571,
    "DT_mean_s3": 4.029223110921463
}