{
    "TCL-LT_alley_1_s1": 0.08140850067138672,
    "TCL-LT_alley_1_s2": 0.04311766475439072,
    "TCL-LT_alley_1_s3": 0.036517348140478134,
    "TCL-LT_alley_2_s1": 0.12671613693237305,
    "TCL-LT_alley_2_s2": 0.06977423280477524,
    "TCL-LT_alley_2_s3": 0.05923673138022423,
    "TCL-LT_ambush_2_s1": 0.04482636600732803,
    "TCL-LT_ambush_2_s2": 0.04314332455396652,
    "TCL-LT_ambush_2_s3": 0.03259948268532753,
    "TCL-LT_ambush_4_s1": 0.1607217937707901,
    "TCL-LT_ambush_4_s2": 0.13058336079120636,
    "TCL-LT_ambush_4_s3": 0.1024966686964035,
    "TCL-LT_ambush_5_s1": 0.11116287112236023,
    "TCL-LT_ambush_5_s2": 0.07624322921037674,
    "TCL-LT_ambush_5_s3": 0.06667216867208481,
    "TCL-LT_ambush_6_s1": 0.07635197788476944,
    "TCL-LT_ambush_6_s2": 0.061030369251966476,
    "TCL-LT_ambush_6_s3": 0.04805766046047211,
    "TCL-LT_ambush_7_s1": 0.10898401588201523,
    "TCL-LT_ambush_7_s2": 0.06272880733013153,
    "TCL-LT_ambush_7_s3": 0.052905455231666565,
    "TCL-LT_bamboo_1_s1": 0.12128333002328873,
    "TCL-LT_bamboo_1_s2": 0.07113837450742722,
    "TCL-LT_bamboo_1_s3": 0.056787312030792236,
    "TCL-LT_bamboo_2_s1": 0.05377061665058136,
    "TCL-LT_bamboo_2_s2": 0.025807643309235573,
    "TCL-LT_bamboo_2_s3": 0.030446631833910942,
    "TCL-LT_bandage_1_s1": 0.08221755921840668,
    "TCL-LT_bandage_1_s2": 0.04546814411878586,
    "TCL-LT_bandage_1_s3": 0.041499458253383636,
    "TCL-LT_bandage_2_s1": 0.08741133660078049,
    "TCL-LT_bandage_2_s2": 0.051636286079883575,
    "TCL-LT_bandage_2_s3": 0.039524875581264496,
    "TCL-LT_cave_2_s1": 0.09186019003391266,
    "TCL-LT_cave_2_s2": 0.06755602359771729,
    "TCL-LT_cave_2_s3": 0.052787553519010544,
    "TCL-LT_cave_4_s1": 0.15510544180870056,
    "TCL-LT_cave_4_s2": 0.10666380822658539,
    "TCL-LT_cave_4_s3": 0.08566171675920486,
    "TCL-LT_market_2_s1": 0.09191182255744934,
    "TCL-LT_market_2_s2": 0.051486048847436905,
    "TCL-LT_market_2_s3": 0.04319775849580765,
    "TCL-LT_market_5_s1": 0.14407365024089813,
    "TCL-LT_market_5_s2": 0.10924767702817917,
    "TCL-LT_market_5_s3": 0.08462294191122055,
    "TCL-LT_market_6_s1": 0.15157891809940338,
    "TCL-LT_market_6_s2": 0.10604950785636902,
    "TCL-LT_market_6_s3": 0.08461275696754456,
    "TCL-LT_mountain_1_s1": 0.12067493796348572,
    "TCL-LT_mountain_1_s2": 0.061223648488521576,
    "TCL-LT_mountain_1_s3": 0.055698905140161514,
    "TCL-LT_shaman_2_s1": 0.09802097827196121,
    "TCL-LT_shaman_2_s2": 0.054310888051986694,
    "TCL-LT_shaman_2_s3": 0.047237932682037354,
    "TCL-LT_shaman_3_s1": 0.12881189584732056,
    "TCL-LT_shaman_3_s2": 0.0775630846619606,
    "TCL-LT_shaman_3_s3": 0.0681646540760994,
    "TCL-LT_sleeping_1_s1": 0.11937074363231659,
    "TCL-LT_sleeping_1_s2": 0.05455867946147919,
    "TCL-LT_sleeping_1_s3": 0.0571981817483902,
    "TCL-LT_sleeping_2_s1": 0.09697610884904861,
    "TCL-LT_sleeping_2_s2": 0.04884318262338638,
    "TCL-LT_sleeping_2_s3": 0.046374205499887466,
    "TCL-LT_temple_2_s1": 0.09582304209470749,
    "TCL-LT_temple_2_s2": 0.06401947140693665,
    "TCL-LT_temple_2_s3": 0.05428728461265564,
    "TCL-LT_temple_3_s1": 0.10872750729322433,
    "TCL-LT_temple_3_s2": 0.07588620483875275,
    "TCL-LT_temple_3_s3": 0.06569048762321472,
    "TCL-LT_PERTURBED_market_3_s1": 0.12768937647342682,
    "TCL-LT_PERTURBED_market_3_s2": 0.08193889260292053,
    "TCL-LT_PERTURBED_market_3_s3": 0.0767323225736618,
    "TCL-LT_PERTURBED_shaman_1_s1": 0.12428906559944153,
    "TCL-LT_PERTURBED_shaman_1_s2": 0.0754665955901146,
    "TCL-LT_PERTURBED_shaman_1_s3": 0.07277514040470123,
    "TCL-LT_ambush_1_s1": 0.06112351641058922,
    "TCL-LT_ambush_1_s2": 0.04738946259021759,
    "TCL-LT_ambush_1_s3": 0.040165238082408905,
    "TCL-LT_ambush_3_s1": 0.16213831305503845,
    "TCL-LT_ambush_3_s2": 0.11854546517133713,
    "TCL-LT_ambush_3_s3": 0.10134297609329224,
    "TCL-LT_bamboo_3_s1": 0.1394481658935547,
    "TCL-LT_bamboo_3_s2": 0.08927247673273087,
    "TCL-LT_bamboo_3_s3": 0.08003740012645721,
    "TCL-LT_cave_3_s1": 0.08769430965185165,
    "TCL-LT_cave_3_s2": 0.06318636238574982,
    "TCL-LT_cave_3_s3": 0.052229590713977814,
    "TCL-LT_market_1_s1": 0.1367652416229248,
    "TCL-LT_market_1_s2": 0.0895363986492157,
    "TCL-LT_market_1_s3": 0.07287923246622086,
    "TCL-LT_market_4_s1": 0.09244893491268158,
    "TCL-LT_market_4_s2": 0.06999801844358444,
    "TCL-LT_market_4_s3": 0.05817393586039543,
    "TCL-LT_mountain_2_s1": 0.10574743151664734,
    "TCL-LT_mountain_2_s2": 0.058395158499479294,
    "TCL-LT_mountain_2_s3": 0.053349819034338,
    "TCL-LT_temple_1_s1": 0.13437305390834808,
    "TCL-LT_temple_1_s2": 0.08162263035774231,
    "TCL-LT_temple_1_s3": 0.07054591178894043,
    "TCL-LT_tiger_s1": 0.10325409471988678,
    "TCL-LT_tiger_s2": 0.057566430419683456,
    "TCL-LT_tiger_s3": 0.05644902586936951,
    "TCL-LT_wall_s1": 0.11302994936704636,
    "TCL-LT_wall_s2": 0.06824762374162674,
    "TCL-LT_wall_s3": 0.0641067698597908,
    "TCL-LT_mean": 0.0801533514899867,
    "TCL-LT_mean_s1": 0.1098797484167985,
    "TCL-LT_mean_s2": 0.07026414791388173,
    "TCL-LT_mean_s3": 0.060316158139279895
}