{
    "TCL-ST_alley_1_s1": 0.07703033089637756,
    "TCL-ST_alley_1_s2": 0.032145049422979355,
    "TCL-ST_alley_1_s3": 0.031088758260011673,
    "TCL-ST_alley_2_s1": 0.07260435074567795,
    "TCL-ST_alley_2_s2": 0.03361495956778526,
    "TCL-ST_alley_2_s3": 0.02732541412115097,
    "TCL-ST_ambush_2_s1": 0.0824035257101059,
    "TCL-ST_ambush_2_s2": 0.05660376697778702,
    "TCL-ST_ambush_2_s3": 0.046003084629774094,
    "TCL-ST_ambush_4_s1": 0.08536907285451889,
    "TCL-ST_ambush_4_s2": 0.05780067294836044,
    "TCL-ST_ambush_4_s3": 0.04824628680944443,
    "TCL-ST_ambush_5_s1": 0.06812241673469543,
    "TCL-ST_ambush_5_s2": 0.039802927523851395,
    "TCL-ST_ambush_5_s3": 0.03440504148602486,
    "TCL-ST_ambush_6_s1": 0.09856555610895157,
    "TCL-ST_ambush_6_s2": 0.06859781593084335,
    "TCL-ST_ambush_6_s3": 0.05540089309215546,
    "TCL-ST_ambush_7_s1": 0.06412629038095474,
    "TCL-ST_ambush_7_s2": 0.03201670944690704,
    "TCL-ST_ambush_7_s3": 0.027640530839562416,
    "TCL-ST_bamboo_1_s1": 0.0676448866724968,
    "TCL-ST_bamboo_1_s2": 0.033577628433704376,
    "TCL-ST_bamboo_1_s3": 0.030623579397797585,
    "TCL-ST_bamboo_2_s1": 0.03584959730505943,
    "TCL-ST_bamboo_2_s2": 0.022738084197044373,
    "TCL-ST_bamboo_2_s3": 0.019014732912182808,
    "TCL-ST_bandage_1_s1": 0.06481962651014328,
    "TCL-ST_bandage_1_s2": 0.03236689791083336,
    "TCL-ST_bandage_1_s3": 0.02998935617506504,
    "TCL-ST_bandage_2_s1": 0.06396438926458359,
    "TCL-ST_bandage_2_s2": 0.03409058228135109,
    "TCL-ST_bandage_2_s3": 0.030755678191781044,
    "TCL-ST_cave_2_s1": 0.09917876869440079,
    "TCL-ST_cave_2_s2": 0.06399901211261749,
    "TCL-ST_cave_2_s3": 0.05097425729036331,
    "TCL-ST_cave_4_s1": 0.0812278687953949,
    "TCL-ST_cave_4_s2": 0.04766982048749924,
    "TCL-ST_cave_4_s3": 0.04067195951938629,
    "TCL-ST_market_2_s1": 0.07071341574192047,
    "TCL-ST_market_2_s2": 0.03416523337364197,
    "TCL-ST_market_2_s3": 0.030839141458272934,
    "TCL-ST_market_5_s1": 0.0874696746468544,
    "TCL-ST_market_5_s2": 0.05563649535179138,
    "TCL-ST_market_5_s3": 0.0456661693751812,
    "TCL-ST_market_6_s1": 0.08283303678035736,
    "TCL-ST_market_6_s2": 0.04701998829841614,
    "TCL-ST_market_6_s3": 0.03892737627029419,
    "TCL-ST_mountain_1_s1": 0.07300345599651337,
    "TCL-ST_mountain_1_s2": 0.03352084383368492,
    "TCL-ST_mountain_1_s3": 0.026351874694228172,
    "TCL-ST_shaman_2_s1": 0.06201567500829697,
    "TCL-ST_shaman_2_s2": 0.029977912083268166,
    "TCL-ST_shaman_2_s3": 0.027177732437849045,
    "TCL-ST_shaman_3_s1": 0.05748893320560455,
    "TCL-ST_shaman_3_s2": 0.029022829607129097,
    "TCL-ST_shaman_3_s3": 0.02659366838634014,
    "TCL-ST_sleeping_1_s1": 0.021212823688983917,
    "TCL-ST_sleeping_1_s2": 0.01137924287468195,
    "TCL-ST_sleeping_1_s3": 0.012765291146934032,
    "TCL-ST_sleeping_2_s1": 0.026043320074677467,
    "TCL-ST_sleeping_2_s2": 0.013836893253028393,
    "TCL-ST_sleeping_2_s3": 0.011784685775637627,
    "TCL-ST_temple_2_s1": 0.05628541484475136,
    "TCL-ST_temple_2_s2": 0.0310614425688982,
    "TCL-ST_temple_2_s3": 0.026254255324602127,
    "TCL-ST_temple_3_s1": 0.07265924662351608,
    "TCL-ST_temple_3_s2": 0.044460345059633255,
    "TCL-ST_temple_3_s3": 0.042353179305791855,
    "TCL-ST_PERTURBED_market_3_s1": 0.06578724831342697,
    "TCL-ST_PERTURBED_market_3_s2": 0.0374918133020401,
    "TCL-ST_PERTURBED_market_3_s3": 0.03363383933901787,
    "TCL-ST_PERTURBED_shaman_1_s1": 0.061756931245326996,
    "TCL-ST_PERTURBED_shaman_1_s2": 0.03219565376639366,
    "TCL-ST_PERTURBED_shaman_1_s3": 0.029414381831884384,
    "TCL-ST_ambush_1_s1": 0.06717361509799957,
    "TCL-ST_ambush_1_s2": 0.04587080702185631,
    "TCL-ST_ambush_1_s3": 0.03617890179157257,
    "TCL-ST_ambush_3_s1": 0.07685502618551254,
    "TCL-ST_ambush_3_s2": 0.04759683459997177,
    "TCL-ST_ambush_3_s3": 0.04279623553156853,
    "TCL-ST_bamboo_3_s1": 0.0772555023431778,
    "TCL-ST_bamboo_3_s2": 0.043739717453718185,
    "TCL-ST_bamboo_3_s3": 0.03741724044084549,
    "TCL-ST_cave_3_s1": 0.06912313401699066,
    "TCL-ST_cave_3_s2": 0.04227377846837044,
    "TCL-ST_cave_3_s3": 0.037340302020311356,
    "TCL-ST_market_1_s1": 0.08109942823648453,
    "TCL-ST_market_1_s2": 0.047381509095430374,
    "TCL-ST_market_1_s3": 0.03955066576600075,
    "TCL-ST_market_4_s1": 0.08047647029161453,
    "TCL-ST_market_4_s2": 0.051498495042324066,
    "TCL-ST_market_4_s3": 0.04027135297656059,
    "TCL-ST_mountain_2_s1": 0.046907443553209305,
    "TCL-ST_mountain_2_s2": 0.022919341921806335,
    "TCL-ST_mountain_2_s3": 0.021851936355233192,
    "TCL-ST_temple_1_s1": 0.05682200938463211,
    "TCL-ST_temple_1_s2": 0.03202654793858528,
    "TCL-ST_temple_1_s3": 0.027806419879198074,
    "TCL-ST_tiger_s1": 0.07296907901763916,
    "TCL-ST_tiger_s2": 0.03902057185769081,
    "TCL-ST_tiger_s3": 0.032824549823999405,
    "TCL-ST_wall_s1": 0.06705991178750992,
    "TCL-ST_wall_s2": 0.03853340819478035,
    "TCL-ST_wall_s3": 0.037684038281440735,
    "TCL-ST_mean": 0.04702089447528124,
    "TCL-ST_mean_s1": 0.06839764219309602,
    "TCL-ST_mean_s2": 0.03901867520596299,
    "TCL-ST_mean_s3": 0.03364636602678469
}