{
    "DT_alley_1_s1": 38.40211868286133,
    "DT_alley_1_s2": 7.919468879699707,
    "DT_alley_1_s3": 8.367657661437988,
    "DT_alley_2_s1": 8.373208045959473,
    "DT_alley_2_s2": 8.73873233795166,
    "DT_alley_2_s3": 7.887167930603027,
    "DT_ambush_2_s1": 7.959502083914621,
    "DT_ambush_2_s2": 8.435930524553571,
    "DT_ambush_2_s3": 8.197932016281854,
    "DT_ambush_4_s1": 8.37149764552261,
    "DT_ambush_4_s2": 8.731292955803148,
    "DT_ambush_4_s3": 8.447285854455197,
    "DT_ambush_5_s1": 7.989177703857422,
    "DT_ambush_5_s2": 8.328261375427246,
    "DT_ambush_5_s3": 8.250389099121094,
    "DT_ambush_6_s1": 8.661401271820068,
    "DT_ambush_6_s2": 8.500206470489502,
    "DT_ambush_6_s3": 8.25812816619873,
    "DT_ambush_7_s1": 8.18748950958252,
    "DT_ambush_7_s2": 8.247156143188477,
    "DT_ambush_7_s3": 8.227615356445312,
    "DT_bamboo_1_s1": 8.187265396118164,
    "DT_bamboo_1_s2": 7.867097854614258,
    "DT_bamboo_1_s3": 7.786998748779297,
    "DT_bamboo_2_s1": 7.847232818603516,
    "DT_bamboo_2_s2": 7.807126045227051,
    "DT_bamboo_2_s3": 7.72705078125,
    "DT_bandage_1_s1": 7.846922874450684,
    "DT_bandage_1_s2": 8.007264137268066,
    "DT_bandage_1_s3": 7.966899871826172,
    "DT_bandage_2_s1": 7.76700496673584,
    "DT_bandage_2_s2": 7.987232208251953,
    "DT_bandage_2_s3": 7.867326736450195,
    "DT_cave_2_s1": 7.72707462310791,
    "DT_cave_2_s2": 8.10732364654541,
    "DT_cave_2_s3": 7.9473161697387695,
    "DT_cave_4_s1": 7.8269147872924805,
    "DT_cave_4_s2": 7.866954803466797,
    "DT_cave_4_s3": 7.847175598144531,
    "DT_market_2_s1": 7.726531028747559,
    "DT_market_2_s2": 8.087148666381836,
    "DT_market_2_s3": 7.987041473388672,
    "DT_market_5_s1": 8.107008934020996,
    "DT_market_5_s2": 8.40334415435791,
    "DT_market_5_s3": 8.587627410888672,
    "DT_market_6_s1": 8.132272958755493,
    "DT_market_6_s2": 8.1570565700531,
    "DT_market_6_s3": 7.9068005084991455,
    "DT_mountain_1_s1": 7.9669904708862305,
    "DT_mountain_1_s2": 7.867007255554199,
    "DT_mountain_1_s3": 7.806754112243652,
    "DT_shaman_2_s1": 8.107080459594727,
    "DT_shaman_2_s2": 8.14723014831543,
    "DT_shaman_2_s3": 8.147082328796387,
    "DT_shaman_3_s1": 8.107376098632812,
    "DT_shaman_3_s2": 7.806820869445801,
    "DT_shaman_3_s3": 7.987041473388672,
    "DT_sleeping_1_s1": 7.906951904296875,
    "DT_sleeping_1_s2": 8.247146606445312,
    "DT_sleeping_1_s3": 7.967090606689453,
    "DT_sleeping_2_s1": 8.107075691223145,
    "DT_sleeping_2_s2": 7.9270172119140625,
    "DT_sleeping_2_s3": 7.9270124435424805,
    "DT_temple_2_s1": 8.047199249267578,
    "DT_temple_2_s2": 8.127403259277344,
    "DT_temple_2_s3": 8.007078170776367,
    "DT_temple_3_s1": 8.027009963989258,
    "DT_temple_3_s2": 7.88693904876709,
    "DT_temple_3_s3": 8.066926002502441,
    "DT_PERTURBED_market_3_s1": 8.00713062286377,
    "DT_PERTURBED_market_3_s2": 8.22732925415039,
    "DT_PERTURBED_market_3_s3": 8.247308731079102,
    "DT_PERTURBED_shaman_1_s1": 8.047494888305664,
    "DT_PERTURBED_shaman_1_s2": 8.307700157165527,
    "DT_PERTURBED_shaman_1_s3": 8.227543830871582,
    "DT_ambush_1_s1": 8.52953869363536,
    "DT_ambush_1_s2": 8.181343907895295,
    "DT_ambush_1_s3": 8.485970289810844,
    "DT_ambush_3_s1": 8.275851970765649,
    "DT_ambush_3_s2": 8.249195610604636,
    "DT_ambush_3_s3": 8.495615749824339,
    "DT_bamboo_3_s1": 8.064985275268555,
    "DT_bamboo_3_s2": 8.365006446838379,
    "DT_bamboo_3_s3": 8.387541770935059,
    "DT_cave_3_s1": 7.707009315490723,
    "DT_cave_3_s2": 7.727017402648926,
    "DT_cave_3_s3": 8.407659530639648,
    "DT_market_1_s1": 7.907061576843262,
    "DT_market_1_s2": 7.947359085083008,
    "DT_market_1_s3": 8.24718952178955,
    "DT_market_4_s1": 8.091268539428711,
    "DT_market_4_s2": 8.169512748718262,
    "DT_market_4_s3": 7.97457218170166,
    "DT_mountain_2_s1": 8.398337364196777,
    "DT_mountain_2_s2": 8.232479095458984,
    "DT_mountain_2_s3": 8.466634750366211,
    "DT_temple_1_s1": 8.068060874938965,
    "DT_temple_1_s2": 8.487882614135742,
    "DT_temple_1_s3": 8.147354125976562,
    "DT_tiger_s1": 7.8871965408325195,
    "DT_tiger_s2": 7.876653671264648,
    "DT_tiger_s3": 8.227324485778809,
    "DT_wall_s1": 8.305778503417969,
    "DT_wall_s2": 8.107566833496094,
    "DT_wall_s3": 8.067126274108887,
    "DT_mean": 8.402890181904938,
    "DT_mean_s1": 8.933486323863692,
    "DT_mean_s2": 8.145148800013107,
    "DT_mean_s3": 8.130035421838013
}