{
    "TCL-ST_alley_1_s1": 0.12438337504863739,
    "TCL-ST_alley_1_s2": 0.07835656404495239,
    "TCL-ST_alley_1_s3": 0.06731456518173218,
    "TCL-ST_alley_2_s1": 0.1382685899734497,
    "TCL-ST_alley_2_s2": 0.09428337961435318,
    "TCL-ST_alley_2_s3": 0.06456547230482101,
    "TCL-ST_ambush_2_s1": 0.23160827159881592,
    "TCL-ST_ambush_2_s2": 0.20526878535747528,
    "TCL-ST_ambush_2_s3": 0.17789676785469055,
    "TCL-ST_ambush_4_s1": 0.27029842138290405,
    "TCL-ST_ambush_4_s2": 0.24288535118103027,
    "TCL-ST_ambush_4_s3": 0.2013697624206543,
    "TCL-ST_ambush_5_s1": 0.14800255000591278,
    "TCL-ST_ambush_5_s2": 0.10505055636167526,
    "TCL-ST_ambush_5_s3": 0.0958314836025238,
    "TCL-ST_ambush_6_s1": 0.27979403734207153,
    "TCL-ST_ambush_6_s2": 0.24534155428409576,
    "TCL-ST_ambush_6_s3": 0.22042575478553772,
    "TCL-ST_ambush_7_s1": 0.15938036143779755,
    "TCL-ST_ambush_7_s2": 0.10318853706121445,
    "TCL-ST_ambush_7_s3": 0.0820690393447876,
    "TCL-ST_bamboo_1_s1": 0.12421076744794846,
    "TCL-ST_bamboo_1_s2": 0.1101473718881607,
    "TCL-ST_bamboo_1_s3": 0.08019953966140747,
    "TCL-ST_bamboo_2_s1": 0.07176221907138824,
    "TCL-ST_bamboo_2_s2": 0.06366406381130219,
    "TCL-ST_bamboo_2_s3": 0.044165242463350296,
    "TCL-ST_bandage_1_s1": 0.10410848259925842,
    "TCL-ST_bandage_1_s2": 0.06843731552362442,
    "TCL-ST_bandage_1_s3": 0.07010941952466965,
    "TCL-ST_bandage_2_s1": 0.11760371923446655,
    "TCL-ST_bandage_2_s2": 0.08177980035543442,
    "TCL-ST_bandage_2_s3": 0.07374315708875656,
    "TCL-ST_cave_2_s1": 0.2155442088842392,
    "TCL-ST_cave_2_s2": 0.15910039842128754,
    "TCL-ST_cave_2_s3": 0.14038610458374023,
    "TCL-ST_cave_4_s1": 0.16643494367599487,
    "TCL-ST_cave_4_s2": 0.11478947848081589,
    "TCL-ST_cave_4_s3": 0.10839425027370453,
    "TCL-ST_market_2_s1": 0.13474659621715546,
    "TCL-ST_market_2_s2": 0.1020766943693161,
    "TCL-ST_market_2_s3": 0.07759865373373032,
    "TCL-ST_market_5_s1": 0.20622354745864868,
    "TCL-ST_market_5_s2": 0.16581235826015472,
    "TCL-ST_market_5_s3": 0.13889215886592865,
    "TCL-ST_market_6_s1": 0.1653711497783661,
    "TCL-ST_market_6_s2": 0.1383577436208725,
    "TCL-ST_market_6_s3": 0.10576920956373215,
    "TCL-ST_mountain_1_s1": 0.164187490940094,
    "TCL-ST_mountain_1_s2": 0.09560344368219376,
    "TCL-ST_mountain_1_s3": 0.06932251155376434,
    "TCL-ST_shaman_2_s1": 0.10482022166252136,
    "TCL-ST_shaman_2_s2": 0.062414396554231644,
    "TCL-ST_shaman_2_s3": 0.057205408811569214,
    "TCL-ST_shaman_3_s1": 0.09256645292043686,
    "TCL-ST_shaman_3_s2": 0.062219493091106415,
    "TCL-ST_shaman_3_s3": 0.057621389627456665,
    "TCL-ST_sleeping_1_s1": 0.03757896646857262,
    "TCL-ST_sleeping_1_s2": 0.023975195363163948,
    "TCL-ST_sleeping_1_s3": 0.023144593462347984,
    "TCL-ST_sleeping_2_s1": 0.049274854362010956,
    "TCL-ST_sleeping_2_s2": 0.027813870459794998,
    "TCL-ST_sleeping_2_s3": 0.022848468273878098,
    "TCL-ST_temple_2_s1": 0.1002388745546341,
    "TCL-ST_temple_2_s2": 0.08203188329935074,
    "TCL-ST_temple_2_s3": 0.06010334938764572,
    "TCL-ST_temple_3_s1": 0.17617733776569366,
    "TCL-ST_temple_3_s2": 0.14284829795360565,
    "TCL-ST_temple_3_s3": 0.12537509202957153,
    "TCL-ST_PERTURBED_market_3_s1": 0.12041410058736801,
    "TCL-ST_PERTURBED_market_3_s2": 0.08209870755672455,
    "TCL-ST_PERTURBED_market_3_s3": 0.06911734491586685,
    "TCL-ST_PERTURBED_shaman_1_s1": 0.10432697087526321,
    "TCL-ST_PERTURBED_shaman_1_s2": 0.06530459970235825,
    "TCL-ST_PERTURBED_shaman_1_s3": 0.061098430305719376,
    "TCL-ST_ambush_1_s1": 0.1904035061597824,
    "TCL-ST_ambush_1_s2": 0.16543708741664886,
    "TCL-ST_ambush_1_s3": 0.14249490201473236,
    "TCL-ST_ambush_3_s1": 0.19023248553276062,
    "TCL-ST_ambush_3_s2": 0.15845191478729248,
    "TCL-ST_ambush_3_s3": 0.13288883864879608,
    "TCL-ST_bamboo_3_s1": 0.15554480254650116,
    "TCL-ST_bamboo_3_s2": 0.14861778914928436,
    "TCL-ST_bamboo_3_s3": 0.10467062145471573,
    "TCL-ST_cave_3_s1": 0.14787518978118896,
    "TCL-ST_cave_3_s2": 0.10535217076539993,
    "TCL-ST_cave_3_s3": 0.09613955020904541,
    "TCL-ST_market_1_s1": 0.17465992271900177,
    "TCL-ST_market_1_s2": 0.1367051601409912,
    "TCL-ST_market_1_s3": 0.11417841166257858,
    "TCL-ST_market_4_s1": 0.18407800793647766,
    "TCL-ST_market_4_s2": 0.1554078608751297,
    "TCL-ST_market_4_s3": 0.1234375536441803,
    "TCL-ST_mountain_2_s1": 0.13337446749210358,
    "TCL-ST_mountain_2_s2": 0.06777818500995636,
    "TCL-ST_mountain_2_s3": 0.051245931535959244,
    "TCL-ST_temple_1_s1": 0.09810087829828262,
    "TCL-ST_temple_1_s2": 0.07372540980577469,
    "TCL-ST_temple_1_s3": 0.05999920889735222,
    "TCL-ST_tiger_s1": 0.1238967776298523,
    "TCL-ST_tiger_s2": 0.09399618208408356,
    "TCL-ST_tiger_s3": 0.08054250478744507,
    "TCL-ST_wall_s1": 0.15942132472991943,
    "TCL-ST_wall_s2": 0.0989634171128273,
    "TCL-ST_wall_s3": 0.08266130089759827,
    "TCL-ST_mean": 0.11785737985656375,
    "TCL-ST_mean_s1": 0.1475689678319863,
    "TCL-ST_mean_s2": 0.11220814335559094,
    "TCL-ST_mean_s3": 0.09379502838211401
}