{
    "TCL-LT_alley_1_s1": 0.12150885164737701,
    "TCL-LT_alley_1_s2": 0.09323062747716904,
    "TCL-LT_alley_1_s3": 0.07269535958766937,
    "TCL-LT_alley_2_s1": 0.20595461130142212,
    "TCL-LT_alley_2_s2": 0.16246117651462555,
    "TCL-LT_alley_2_s3": 0.12445361912250519,
    "TCL-LT_ambush_2_s1": 0.08957107365131378,
    "TCL-LT_ambush_2_s2": 0.08267074078321457,
    "TCL-LT_ambush_2_s3": 0.07586437463760376,
    "TCL-LT_ambush_4_s1": 0.47533920407295227,
    "TCL-LT_ambush_4_s2": 0.46576887369155884,
    "TCL-LT_ambush_4_s3": 0.3997645378112793,
    "TCL-LT_ambush_5_s1": 0.2441140115261078,
    "TCL-LT_ambush_5_s2": 0.2138248085975647,
    "TCL-LT_ambush_5_s3": 0.18582935631275177,
    "TCL-LT_ambush_6_s1": 0.20719128847122192,
    "TCL-LT_ambush_6_s2": 0.20080672204494476,
    "TCL-LT_ambush_6_s3": 0.1878495216369629,
    "TCL-LT_ambush_7_s1": 0.20625291764736176,
    "TCL-LT_ambush_7_s2": 0.17241720855236053,
    "TCL-LT_ambush_7_s3": 0.14362189173698425,
    "TCL-LT_bamboo_1_s1": 0.22702407836914062,
    "TCL-LT_bamboo_1_s2": 0.20379406213760376,
    "TCL-LT_bamboo_1_s3": 0.15985751152038574,
    "TCL-LT_bamboo_2_s1": 0.08180758357048035,
    "TCL-LT_bamboo_2_s2": 0.07722751796245575,
    "TCL-LT_bamboo_2_s3": 0.054228756576776505,
    "TCL-LT_bandage_1_s1": 0.11696154624223709,
    "TCL-LT_bandage_1_s2": 0.09491579979658127,
    "TCL-LT_bandage_1_s3": 0.08165380358695984,
    "TCL-LT_bandage_2_s1": 0.1357894092798233,
    "TCL-LT_bandage_2_s2": 0.10148656368255615,
    "TCL-LT_bandage_2_s3": 0.09391972422599792,
    "TCL-LT_cave_2_s1": 0.15611228346824646,
    "TCL-LT_cave_2_s2": 0.12167830020189285,
    "TCL-LT_cave_2_s3": 0.11034036427736282,
    "TCL-LT_cave_4_s1": 0.2693820297718048,
    "TCL-LT_cave_4_s2": 0.19715414941310883,
    "TCL-LT_cave_4_s3": 0.18693125247955322,
    "TCL-LT_market_2_s1": 0.15508092939853668,
    "TCL-LT_market_2_s2": 0.12495889514684677,
    "TCL-LT_market_2_s3": 0.10389869660139084,
    "TCL-LT_market_5_s1": 0.3014570474624634,
    "TCL-LT_market_5_s2": 0.26839256286621094,
    "TCL-LT_market_5_s3": 0.23366984724998474,
    "TCL-LT_market_6_s1": 0.3094351589679718,
    "TCL-LT_market_6_s2": 0.29181644320487976,
    "TCL-LT_market_6_s3": 0.23873457312583923,
    "TCL-LT_mountain_1_s1": 0.200367271900177,
    "TCL-LT_mountain_1_s2": 0.14086629450321198,
    "TCL-LT_mountain_1_s3": 0.10556647181510925,
    "TCL-LT_shaman_2_s1": 0.11240692436695099,
    "TCL-LT_shaman_2_s2": 0.07046209275722504,
    "TCL-LT_shaman_2_s3": 0.06705264747142792,
    "TCL-LT_shaman_3_s1": 0.15013925731182098,
    "TCL-LT_shaman_3_s2": 0.11905078589916229,
    "TCL-LT_shaman_3_s3": 0.10289675742387772,
    "TCL-LT_sleeping_1_s1": 0.14796370267868042,
    "TCL-LT_sleeping_1_s2": 0.0966775044798851,
    "TCL-LT_sleeping_1_s3": 0.08560007065534592,
    "TCL-LT_sleeping_2_s1": 0.13902214169502258,
    "TCL-LT_sleeping_2_s2": 0.09479497373104095,
    "TCL-LT_sleeping_2_s3": 0.07626268267631531,
    "TCL-LT_temple_2_s1": 0.17234182357788086,
    "TCL-LT_temple_2_s2": 0.16458725929260254,
    "TCL-LT_temple_2_s3": 0.12771467864513397,
    "TCL-LT_temple_3_s1": 0.20972715318202972,
    "TCL-LT_temple_3_s2": 0.1891828179359436,
    "TCL-LT_temple_3_s3": 0.16141381859779358,
    "TCL-LT_PERTURBED_market_3_s1": 0.20608319342136383,
    "TCL-LT_PERTURBED_market_3_s2": 0.17430172860622406,
    "TCL-LT_PERTURBED_market_3_s3": 0.151713028550148,
    "TCL-LT_PERTURBED_shaman_1_s1": 0.1425165832042694,
    "TCL-LT_PERTURBED_shaman_1_s2": 0.10043171048164368,
    "TCL-LT_PERTURBED_shaman_1_s3": 0.08819931745529175,
    "TCL-LT_ambush_1_s1": 0.1317664384841919,
    "TCL-LT_ambush_1_s2": 0.12300605326890945,
    "TCL-LT_ambush_1_s3": 0.10687349736690521,
    "TCL-LT_ambush_3_s1": 0.36529338359832764,
    "TCL-LT_ambush_3_s2": 0.3450682759284973,
    "TCL-LT_ambush_3_s3": 0.29512032866477966,
    "TCL-LT_bamboo_3_s1": 0.28401651978492737,
    "TCL-LT_bamboo_3_s2": 0.2747865319252014,
    "TCL-LT_bamboo_3_s3": 0.2076333612203598,
    "TCL-LT_cave_3_s1": 0.1489325314760208,
    "TCL-LT_cave_3_s2": 0.11312916874885559,
    "TCL-LT_cave_3_s3": 0.10422631353139877,
    "TCL-LT_market_1_s1": 0.27011406421661377,
    "TCL-LT_market_1_s2": 0.23262730240821838,
    "TCL-LT_market_1_s3": 0.20806577801704407,
    "TCL-LT_market_4_s1": 0.21338993310928345,
    "TCL-LT_market_4_s2": 0.2036757618188858,
    "TCL-LT_market_4_s3": 0.1739012897014618,
    "TCL-LT_mountain_2_s1": 0.18295840919017792,
    "TCL-LT_mountain_2_s2": 0.10504220426082611,
    "TCL-LT_mountain_2_s3": 0.06954304128885269,
    "TCL-LT_temple_1_s1": 0.2084115594625473,
    "TCL-LT_temple_1_s2": 0.15946246683597565,
    "TCL-LT_temple_1_s3": 0.12847048044204712,
    "TCL-LT_tiger_s1": 0.1519535779953003,
    "TCL-LT_tiger_s2": 0.12953445315361023,
    "TCL-LT_tiger_s3": 0.1053694635629654,
    "TCL-LT_wall_s1": 0.1749124377965927,
    "TCL-LT_wall_s2": 0.11630115658044815,
    "TCL-LT_wall_s3": 0.09840118885040283,
    "TCL-LT_mean": 0.16817361268968808,
    "TCL-LT_mean_s1": 0.1975799694657326,
    "TCL-LT_mean_s2": 0.16644551413399833,
    "TCL-LT_mean_s3": 0.14049535446933342
}