{
    "DT_alley_2_s1": 20.765929222106934,
    "DT_alley_2_s2": 4.183917045593262,
    "DT_alley_2_s3": 4.103865623474121,
    "DT_market_6_s1": 4.192692041397095,
    "DT_market_6_s2": 4.003649950027466,
    "DT_market_6_s3": 4.0037572383880615,
    "DT_temple_2_s1": 3.903665542602539,
    "DT_temple_2_s2": 3.9635419845581055,
    "DT_temple_2_s3": 4.1838788986206055,
    "DT_mean": 5.922766394085354,
    "DT_mean_s1": 9.620762268702189,
    "DT_mean_s2": 4.05036966005961,
    "DT_mean_s3": 4.097167253494263
}