{
    "TCL-ST_alley_2_s1": 0.06672915816307068,
    "TCL-ST_alley_2_s2": 0.022241156548261642,
    "TCL-ST_alley_2_s3": 0.020953526720404625,
    "TCL-ST_market_6_s1": 0.08757417649030685,
    "TCL-ST_market_6_s2": 0.04096085950732231,
    "TCL-ST_market_6_s3": 0.03593956679105759,
    "TCL-ST_temple_2_s1": 0.048309992998838425,
    "TCL-ST_temple_2_s2": 0.02325180545449257,
    "TCL-ST_temple_2_s3": 0.018400076776742935,
    "TCL-ST_mean": 0.04048447993894418,
    "TCL-ST_mean_s1": 0.06753777588407199,
    "TCL-ST_mean_s2": 0.028817940503358837,
    "TCL-ST_mean_s3": 0.025097723429401714
}