{
    "TCL-LT_alley_2_s1": 0.10449941456317902,
    "TCL-LT_alley_2_s2": 0.04453941807150841,
    "TCL-LT_alley_2_s3": 0.03891110420227051,
    "TCL-LT_market_6_s1": 0.13419795036315918,
    "TCL-LT_market_6_s2": 0.08489832282066345,
    "TCL-LT_market_6_s3": 0.06277669221162796,
    "TCL-LT_temple_2_s1": 0.06866277754306793,
    "TCL-LT_temple_2_s2": 0.040812477469444275,
    "TCL-LT_temple_2_s3": 0.03161061182618141,
    "TCL-LT_mean": 0.06787875211901136,
    "TCL-LT_mean_s1": 0.10245338082313538,
    "TCL-LT_mean_s2": 0.056750072787205376,
    "TCL-LT_mean_s3": 0.04443280274669329
}