{
    "FID_style02style1": 83.38308115257873,
    "FID_style02style2": 73.11472223073204,
    "FID_style02style3": 79.88405733317504,
    "FID_mean": 78.79395357216194
}