{
    "TCL_style02style1": 31.70915412902832,
    "TCL_style02style2": 25.910980224609375,
    "TCL_style02style3": 23.178754806518555,
    "TCL_mean": 26.932963053385414
}