{
    "FID_style02style1": 82.60715148253256,
    "FID_style02style2": 73.70334381875158,
    "FID_style02style3": 80.46988210485989,
    "FID_mean": 78.92679246871467
}