{
    "TCL_style02style1": 13.33193302154541,
    "TCL_style02style2": 9.042830467224121,
    "TCL_style02style3": 6.7051544189453125,
    "TCL_mean": 9.693305969238281
}